{"cameraMode":{"drawMode":0,"name":"Shaded","section":"Shading Mode"},"sceneLighting":false,"audioPlay":false,"sceneViewState":{"showFog":true,"showMaterialUpdate":false,"showSkybox":false,"showFlares":true,"showImageEffects":true,"showParticleSystems":true},"in2DMode":false,"pivot":{"x":-16.224000930786134,"y":1.9900000095367432,"z":-17.700000762939454},"rotation":{"x":0.16514377295970918,"y":0.005023634992539883,"z":-0.0009504563640803099,"w":0.9863126277923584},"size":0.173862025141716,"orthographic":false}