{"cameraMode":{"drawMode":0,"name":"Shaded","section":"Shading Mode"},"sceneLighting":false,"audioPlay":false,"sceneViewState":{"showFog":true,"showMaterialUpdate":false,"showSkybox":false,"showFlares":true,"showImageEffects":true,"showParticleSystems":true},"in2DMode":false,"pivot":{"x":0.08300000429153443,"y":-0.6988399624824524,"z":0.26588815450668337},"rotation":{"x":0.27371326088905337,"y":-0.498871386051178,"z":0.16971029341220857,"w":0.8046267628669739},"size":0.40583959221839907,"orthographic":true}