{"cameraMode":{"drawMode":0,"name":"Shaded","section":"Shading Mode"},"sceneLighting":true,"audioPlay":false,"sceneViewState":{"showFog":true,"showMaterialUpdate":false,"showSkybox":true,"showFlares":true,"showImageEffects":true,"showParticleSystems":true},"in2DMode":false,"pivot":{"x":-17.006999969482423,"y":1.9016004800796509,"z":-17.949724197387697},"rotation":{"x":-0.24599453806877137,"y":-0.5032357573509216,"z":0.1521238088607788,"w":-0.8144204020500183},"size":5.659610271453857,"orthographic":true}