{"cameraMode":{"drawMode":0,"name":"Shaded","section":"Shading Mode"},"sceneLighting":false,"audioPlay":false,"sceneViewState":{"showFog":true,"showMaterialUpdate":false,"showSkybox":false,"showFlares":true,"showImageEffects":true,"showParticleSystems":true},"in2DMode":false,"pivot":{"x":-15.89799976348877,"y":1.9809999465942383,"z":-20.238039016723634},"rotation":{"x":0.16514377295970918,"y":0.005023634992539883,"z":-0.0009504563640803099,"w":0.9863126277923584},"size":0.31520047783851626,"orthographic":false}