{"cameraMode":{"drawMode":0,"name":"Shaded","section":"Shading Mode"},"sceneLighting":false,"audioPlay":false,"sceneViewState":{"showFog":true,"showMaterialUpdate":false,"showSkybox":false,"showFlares":true,"showImageEffects":true,"showParticleSystems":true},"in2DMode":false,"pivot":{"x":-16.089275360107423,"y":1.938100814819336,"z":-17.348217010498048},"rotation":{"x":-0.33373385667800906,"y":0.052862364798784259,"z":-0.01871422864496708,"w":-0.9410235285758972},"size":0.3887607753276825,"orthographic":false}