{"cameraMode":{"drawMode":0,"name":"Shaded","section":"Shading Mode"},"sceneLighting":false,"audioPlay":false,"sceneViewState":{"showFog":true,"showMaterialUpdate":false,"showSkybox":false,"showFlares":true,"showImageEffects":true,"showParticleSystems":true},"in2DMode":false,"pivot":{"x":0.0820000022649765,"y":-0.4449999928474426,"z":0.5529999732971191},"rotation":{"x":-0.032091185450553897,"y":0.967985212802887,"z":-0.17794589698314668,"w":-0.17432008683681489},"size":0.17320510745048524,"orthographic":false}