{"cameraMode":{"drawMode":0,"name":"Shaded","section":"Shading Mode"},"sceneLighting":true,"audioPlay":false,"sceneViewState":{"showFog":true,"showMaterialUpdate":false,"showSkybox":true,"showFlares":true,"showImageEffects":true,"showParticleSystems":true},"in2DMode":false,"pivot":{"x":-16.655271530151368,"y":3.918116807937622,"z":-18.253999710083009},"rotation":{"x":0.15585346519947053,"y":-0.6720685362815857,"z":0.1475907266139984,"w":0.7088484168052673},"size":6.022895336151123,"orthographic":false}