{"cameraMode":{"drawMode":0,"name":"Shaded","section":"Shading Mode"},"sceneLighting":true,"audioPlay":false,"sceneViewState":{"showFog":true,"showMaterialUpdate":false,"showSkybox":true,"showFlares":true,"showImageEffects":true,"showParticleSystems":true},"in2DMode":false,"pivot":{"x":-18.345792770385743,"y":1.4606999158859254,"z":-18.28932762145996},"rotation":{"x":0.08309296518564224,"y":0.8624810576438904,"z":-0.15054252743721009,"w":0.47600188851356509},"size":3.0014917850494386,"orthographic":false}