{"cameraMode":{"drawMode":0,"name":"Shaded","section":"Shading Mode"},"sceneLighting":false,"audioPlay":false,"sceneViewState":{"showFog":true,"showMaterialUpdate":false,"showSkybox":false,"showFlares":true,"showImageEffects":true,"showParticleSystems":true},"in2DMode":false,"pivot":{"x":-229.99209594726563,"y":2.3075406551361086,"z":152.69114685058595},"rotation":{"x":-0.023748397827148439,"y":0.9754675030708313,"z":-0.17328575253486634,"w":-0.13368554413318635},"size":3.7117700576782228,"orthographic":false}