{"cameraMode":{"drawMode":0,"name":"Shaded","section":"Shading Mode"},"sceneLighting":true,"audioPlay":false,"sceneViewState":{"showFog":true,"showMaterialUpdate":false,"showSkybox":true,"showFlares":true,"showImageEffects":true,"showParticleSystems":true},"in2DMode":false,"pivot":{"x":-7.117973327636719,"y":-0.8713511228561401,"z":-34.25560760498047},"rotation":{"x":-0.020975420251488687,"y":-0.9784268736839294,"z":0.12422361969947815,"w":-0.16412603855133058},"size":10.0,"orthographic":false}