{"cameraMode":{"drawMode":0,"name":"Shaded","section":"Shading Mode"},"sceneLighting":false,"audioPlay":false,"sceneViewState":{"showFog":true,"showMaterialUpdate":false,"showSkybox":false,"showFlares":true,"showImageEffects":true,"showParticleSystems":true},"in2DMode":false,"pivot":{"x":-38.27036666870117,"y":3.159797430038452,"z":8.150731086730957},"rotation":{"x":-0.13805298507213593,"y":0.5129520893096924,"z":-0.08399580419063568,"w":-0.8430700898170471},"size":1.426091194152832,"orthographic":false}