{"cameraMode":{"drawMode":0,"name":"Shaded","section":"Shading Mode"},"sceneLighting":false,"audioPlay":false,"sceneViewState":{"showFog":false,"showMaterialUpdate":false,"showSkybox":false,"showFlares":false,"showImageEffects":false,"showParticleSystems":false},"in2DMode":false,"pivot":{"x":0.000245898962020874,"y":0.8829058408737183,"z":0.024042487144470216},"rotation":{"x":-0.2508009076118469,"y":-0.14711444079875947,"z":0.03846282884478569,"w":-0.9561394453048706},"size":1.6556907892227173,"orthographic":false}