{"cameraMode":{"drawMode":0,"name":"Shaded","section":"Shading Mode"},"sceneLighting":false,"audioPlay":false,"sceneViewState":{"showFog":true,"showMaterialUpdate":true,"showSkybox":false,"showFlares":true,"showImageEffects":true,"showParticleSystems":true},"in2DMode":false,"pivot":{"x":-0.0017728805541992188,"y":3.2997488975524904,"z":0.7325010299682617},"rotation":{"x":0.0007580300443805754,"y":0.9989326000213623,"z":-0.044990912079811099,"w":0.016202393919229509},"size":10.594503402709961,"orthographic":false}