{"cameraMode":{"drawMode":0,"name":"Shaded","section":"Shading Mode"},"sceneLighting":true,"audioPlay":false,"sceneViewState":{"showFog":false,"showMaterialUpdate":false,"showSkybox":false,"showFlares":false,"showImageEffects":false,"showParticleSystems":false},"in2DMode":false,"pivot":{"x":-15.972521781921387,"y":18.207382202148439,"z":-29.45724868774414},"rotation":{"x":0.2974644601345062,"y":-0.5972148180007935,"z":0.25424832105636599,"w":0.7003224492073059},"size":2.4634289741516115,"orthographic":false}