{"cameraMode":{"drawMode":0,"name":"Shaded","section":"Shading Mode"},"sceneLighting":false,"audioPlay":false,"sceneViewState":{"showFog":false,"showMaterialUpdate":false,"showSkybox":false,"showFlares":false,"showImageEffects":false,"showParticleSystems":false},"in2DMode":false,"pivot":{"x":-8.80557632446289,"y":0.9670060276985169,"z":80.04603576660156},"rotation":{"x":-0.008616677485406399,"y":0.990713357925415,"z":-0.11344679445028305,"w":-0.07588165253400803},"size":1.594825029373169,"orthographic":false}