{"cameraMode":{"drawMode":0,"name":"Shaded","section":"Shading Mode"},"sceneLighting":false,"audioPlay":false,"sceneViewState":{"showFog":false,"showMaterialUpdate":false,"showSkybox":false,"showFlares":false,"showImageEffects":false,"showParticleSystems":false},"in2DMode":false,"pivot":{"x":0.00018969178199768066,"y":0.8559989929199219,"z":0.014373242855072022},"rotation":{"x":-0.011032789014279843,"y":0.9859928488731384,"z":-0.07261662930250168,"w":-0.15046937763690949},"size":1.6124249696731568,"orthographic":false}