{"cameraMode":{"drawMode":0,"name":"Shaded","section":"Shading Mode"},"sceneLighting":false,"audioPlay":false,"sceneViewState":{"showFog":true,"showMaterialUpdate":true,"showSkybox":false,"showFlares":true,"showImageEffects":true,"showParticleSystems":true},"in2DMode":false,"pivot":{"x":0.0,"y":0.9210514426231384,"z":-0.004042208194732666},"rotation":{"x":-0.020094450563192369,"y":-0.9629241228103638,"z":0.2587457597255707,"w":-0.07471683621406555},"size":1.004624605178833,"orthographic":false}