{"cameraMode":{"drawMode":0,"name":"Shaded","section":"Shading Mode"},"sceneLighting":false,"audioPlay":false,"sceneViewState":{"showFog":false,"showMaterialUpdate":false,"showSkybox":false,"showFlares":false,"showImageEffects":false,"showParticleSystems":false},"in2DMode":false,"pivot":{"x":0.00021570920944213867,"y":0.8592630624771118,"z":-0.053964316844940189},"rotation":{"x":-0.008616677485406399,"y":0.990713357925415,"z":-0.11344679445028305,"w":-0.07588165253400803},"size":1.6425321102142335,"orthographic":false}