{"cameraMode":{"drawMode":0,"name":"Shaded","section":"Shading Mode"},"sceneLighting":false,"audioPlay":false,"sceneViewState":{"showFog":true,"showMaterialUpdate":true,"showSkybox":false,"showFlares":true,"showImageEffects":true,"showParticleSystems":true},"in2DMode":false,"pivot":{"x":-4.33134651184082,"y":5.000000953674316,"z":4.34969425201416},"rotation":{"x":0.19670072197914124,"y":0.34194639325141909,"z":-0.07340805232524872,"w":0.9160527586936951},"size":11.549596786499024,"orthographic":false}