{"cameraMode":{"drawMode":0,"name":"Shaded","section":"Shading Mode"},"sceneLighting":false,"audioPlay":false,"sceneViewState":{"showFog":false,"showMaterialUpdate":false,"showSkybox":false,"showFlares":false,"showImageEffects":false,"showParticleSystems":false},"in2DMode":false,"pivot":{"x":0.628000020980835,"y":-0.6380000114440918,"z":-0.11599999666213989},"rotation":{"x":-0.2933562695980072,"y":0.6401415467262268,"z":-0.2892041802406311,"w":-0.6487475633621216},"size":0.5306985974311829,"orthographic":false}