{"cameraMode":{"drawMode":0,"name":"Shaded","section":"Shading Mode"},"sceneLighting":false,"audioPlay":false,"sceneViewState":{"showFog":false,"showMaterialUpdate":false,"showSkybox":false,"showFlares":false,"showImageEffects":false,"showParticleSystems":false},"in2DMode":false,"pivot":{"x":0.00011235475540161133,"y":0.04016007110476494,"z":0.0},"rotation":{"x":-0.3655932545661926,"y":0.5790415406227112,"z":-0.32560598850250246,"w":-0.6521866917610169},"size":0.4058392643928528,"orthographic":false}