{"cameraMode":{"drawMode":0,"name":"Shaded","section":"Shading Mode"},"sceneLighting":false,"audioPlay":false,"sceneViewState":{"showFog":true,"showMaterialUpdate":true,"showSkybox":false,"showFlares":true,"showImageEffects":true,"showParticleSystems":true},"in2DMode":false,"pivot":{"x":0.0,"y":5.000000953674316,"z":0.00002574920654296875},"rotation":{"x":0.07436668872833252,"y":0.8222125172615051,"z":-0.1104145497083664,"w":0.5535375475883484},"size":11.267511367797852,"orthographic":false}