{"cameraMode":{"drawMode":0,"name":"Shaded","section":"Shading Mode"},"sceneLighting":false,"audioPlay":false,"sceneViewState":{"showFog":false,"showMaterialUpdate":false,"showSkybox":false,"showFlares":false,"showImageEffects":false,"showParticleSystems":false},"in2DMode":false,"pivot":{"x":0.00022208690643310547,"y":0.861050009727478,"z":-0.009302973747253418},"rotation":{"x":-0.011032789014279843,"y":0.9859928488731384,"z":-0.07261662930250168,"w":-0.15046937763690949},"size":1.630980134010315,"orthographic":false}