{"cameraMode":{"drawMode":0,"name":"Shaded","section":"Shading Mode"},"sceneLighting":false,"audioPlay":false,"sceneViewState":{"showFog":false,"showMaterialUpdate":false,"showSkybox":false,"showFlares":false,"showImageEffects":false,"showParticleSystems":false},"in2DMode":false,"pivot":{"x":-0.0000017285346984863282,"y":1.3411638736724854,"z":0.04456138610839844},"rotation":{"x":-0.008616677485406399,"y":0.990713357925415,"z":-0.11344679445028305,"w":-0.07588165253400803},"size":2.72945499420166,"orthographic":false}