{"cameraMode":{"drawMode":0,"name":"Shaded","section":"Shading Mode"},"sceneLighting":false,"audioPlay":false,"sceneViewState":{"showFog":false,"showMaterialUpdate":false,"showSkybox":false,"showFlares":false,"showImageEffects":false,"showParticleSystems":false},"in2DMode":false,"pivot":{"x":-16.384998321533204,"y":1.8677005767822266,"z":-17.518878936767579},"rotation":{"x":-0.3301897346973419,"y":0.6161072254180908,"z":-0.3171961307525635,"w":-0.6411691904067993},"size":0.17320553958415986,"orthographic":false}