{"cameraMode":{"drawMode":0,"name":"Shaded","section":"Shading Mode"},"sceneLighting":false,"audioPlay":false,"sceneViewState":{"showFog":false,"showMaterialUpdate":false,"showSkybox":false,"showFlares":false,"showImageEffects":false,"showParticleSystems":false},"in2DMode":false,"pivot":{"x":0.22567903995513917,"y":-0.9432976841926575,"z":1.1094014644622803},"rotation":{"x":-0.2943997085094452,"y":0.6960206031799316,"z":-0.39116090536117556,"w":-0.5255406498908997},"size":0.8719472289085388,"orthographic":false}