{"cameraMode":{"drawMode":0,"name":"Shaded","section":"Shading Mode"},"sceneLighting":false,"audioPlay":false,"sceneViewState":{"showFog":false,"showMaterialUpdate":false,"showSkybox":false,"showFlares":false,"showImageEffects":false,"showParticleSystems":false},"in2DMode":false,"pivot":{"x":0.00022304058074951172,"y":0.860105037689209,"z":0.012092411518096924},"rotation":{"x":-0.008616677485406399,"y":0.990713357925415,"z":-0.11344679445028305,"w":-0.07588165253400803},"size":1.6360340118408204,"orthographic":false}