{"cameraMode":{"drawMode":0,"name":"Shaded","section":"Shading Mode"},"sceneLighting":false,"audioPlay":false,"sceneViewState":{"showFog":false,"showMaterialUpdate":false,"showSkybox":false,"showFlares":false,"showImageEffects":false,"showParticleSystems":false},"in2DMode":false,"pivot":{"x":0.00011235475540161133,"y":0.04016007110476494,"z":0.0},"rotation":{"x":0.25645712018013,"y":0.6312999725341797,"z":-0.23332472145557404,"w":0.6939511299133301},"size":0.4058392643928528,"orthographic":false}