{"cameraMode":{"drawMode":0,"name":"Shaded","section":"Shading Mode"},"sceneLighting":false,"audioPlay":false,"sceneViewState":{"showFog":false,"showMaterialUpdate":false,"showSkybox":false,"showFlares":false,"showImageEffects":false,"showParticleSystems":false},"in2DMode":false,"pivot":{"x":-97.33672332763672,"y":-0.3290543556213379,"z":-89.27867889404297},"rotation":{"x":-0.002877825638279319,"y":-0.9480242133140564,"z":0.3183869421482086,"w":-0.00795662123709917},"size":5.4843645095825199,"orthographic":false}