{"cameraMode":{"drawMode":0,"name":"Shaded","section":"Shading Mode"},"sceneLighting":false,"audioPlay":false,"sceneViewState":{"showFog":false,"showMaterialUpdate":false,"showSkybox":false,"showFlares":false,"showImageEffects":false,"showParticleSystems":false},"in2DMode":false,"pivot":{"x":-16.413999557495118,"y":2.2315855026245119,"z":-18.885000228881837},"rotation":{"x":-0.4262320101261139,"y":0.5076343417167664,"z":-0.3206769824028015,"w":-0.6768410205841065},"size":1.6330125331878663,"orthographic":false}