{"cameraMode":{"drawMode":0,"name":"Shaded","section":"Shading Mode"},"sceneLighting":false,"audioPlay":false,"sceneViewState":{"showFog":true,"showMaterialUpdate":true,"showSkybox":false,"showFlares":true,"showImageEffects":true,"showParticleSystems":true},"in2DMode":false,"pivot":{"x":-13.055679321289063,"y":3.893991470336914,"z":45.95637512207031},"rotation":{"x":-0.01700105518102646,"y":-0.9794179201126099,"z":0.0928317978978157,"w":-0.17885655164718629},"size":10.402447700500489,"orthographic":false}