{"cameraMode":{"drawMode":0,"name":"Shaded","section":"Shading Mode"},"sceneLighting":false,"audioPlay":false,"sceneViewState":{"showFog":true,"showMaterialUpdate":true,"showSkybox":false,"showFlares":true,"showImageEffects":true,"showParticleSystems":true},"in2DMode":false,"pivot":{"x":0.006671905517578125,"y":0.5069080591201782,"z":0.012191295623779297},"rotation":{"x":0.19100746512413026,"y":-0.761408805847168,"z":0.2582813799381256,"w":0.5632215738296509},"size":1.2693167924880982,"orthographic":false}