{"cameraMode":{"drawMode":0,"name":"Shaded","section":"Shading Mode"},"sceneLighting":false,"audioPlay":false,"sceneViewState":{"showFog":false,"showMaterialUpdate":false,"showSkybox":false,"showFlares":false,"showImageEffects":false,"showParticleSystems":false},"in2DMode":false,"pivot":{"x":6.136600017547607,"y":2.151050090789795,"z":5.442800045013428},"rotation":{"x":-0.0010538148926571012,"y":0.983711302280426,"z":-0.18053750693798066,"w":-0.005770854186266661},"size":3.4772262573242189,"orthographic":false}