{"cameraMode":{"drawMode":0,"name":"Shaded","section":"Shading Mode"},"sceneLighting":false,"audioPlay":false,"sceneViewState":{"showFog":false,"showMaterialUpdate":false,"showSkybox":false,"showFlares":false,"showImageEffects":false,"showParticleSystems":false},"in2DMode":false,"pivot":{"x":0.00000286102294921875,"y":0.5026460886001587,"z":-0.0000054836273193359378},"rotation":{"x":0.009347978979349137,"y":-0.9773820042610169,"z":0.2068158984184265,"w":0.046071961522102359},"size":1.1664164066314698,"orthographic":false}