{"cameraMode":{"drawMode":0,"name":"Shaded","section":"Shading Mode"},"sceneLighting":false,"audioPlay":false,"sceneViewState":{"showFog":false,"showMaterialUpdate":false,"showSkybox":false,"showFlares":false,"showImageEffects":false,"showParticleSystems":false},"in2DMode":false,"pivot":{"x":0.00021728873252868652,"y":0.8741077184677124,"z":0.008485019207000733},"rotation":{"x":-0.2508009076118469,"y":-0.14711444079875947,"z":0.03846282884478569,"w":-0.9561394453048706},"size":1.645477056503296,"orthographic":false}