{"cameraMode":{"drawMode":0,"name":"Shaded","section":"Shading Mode"},"sceneLighting":false,"audioPlay":false,"sceneViewState":{"showFog":false,"showMaterialUpdate":false,"showSkybox":false,"showFlares":false,"showImageEffects":false,"showParticleSystems":false},"in2DMode":false,"pivot":{"x":0.00022208690643310547,"y":0.8597233295440674,"z":0.04648381471633911},"rotation":{"x":-0.2508009076118469,"y":-0.14711444079875947,"z":0.03846282884478569,"w":-0.9561394453048706},"size":1.6360280513763428,"orthographic":false}