{"cameraMode":{"drawMode":0,"name":"Shaded","section":"Shading Mode"},"sceneLighting":false,"audioPlay":false,"sceneViewState":{"showFog":false,"showMaterialUpdate":false,"showSkybox":false,"showFlares":false,"showImageEffects":false,"showParticleSystems":false},"in2DMode":false,"pivot":{"x":-15.767081260681153,"y":2.228015899658203,"z":-23.274654388427736},"rotation":{"x":-0.1938934326171875,"y":0.654742419719696,"z":-0.17900347709655763,"w":-0.7085185647010803},"size":0.40166574716567995,"orthographic":false}