{"cameraMode":{"drawMode":0,"name":"Shaded","section":"Shading Mode"},"sceneLighting":false,"audioPlay":false,"sceneViewState":{"showFog":false,"showMaterialUpdate":false,"showSkybox":false,"showFlares":false,"showImageEffects":false,"showParticleSystems":false},"in2DMode":false,"pivot":{"x":-229.94046020507813,"y":1.2275776863098145,"z":154.6961669921875},"rotation":{"x":0.0048112934455275539,"y":-0.9732994437217712,"z":0.22893750667572022,"w":0.022518901154398919},"size":7.937822341918945,"orthographic":false}