{"cameraMode":{"drawMode":0,"name":"Shaded","section":"Shading Mode"},"sceneLighting":false,"audioPlay":false,"sceneViewState":{"showFog":false,"showMaterialUpdate":false,"showSkybox":false,"showFlares":false,"showImageEffects":false,"showParticleSystems":false},"in2DMode":false,"pivot":{"x":-14.835066795349121,"y":2.238999843597412,"z":-22.63176155090332},"rotation":{"x":0.33044683933258059,"y":-0.6202507019042969,"z":0.3245643973350525,"w":0.6332739591598511},"size":0.3429972231388092,"orthographic":false}