{"cameraMode":{"drawMode":0,"name":"Shaded","section":"Shading Mode"},"sceneLighting":false,"audioPlay":false,"sceneViewState":{"showFog":false,"showMaterialUpdate":false,"showSkybox":false,"showFlares":false,"showImageEffects":false,"showParticleSystems":false},"in2DMode":false,"pivot":{"x":0.00021669268608093262,"y":0.8693646192550659,"z":-0.07020455598831177},"rotation":{"x":-0.011032789014279843,"y":0.9859928488731384,"z":-0.07261662930250168,"w":-0.15046937763690949},"size":1.6326171159744263,"orthographic":false}