{"cameraMode":{"drawMode":0,"name":"Shaded","section":"Shading Mode"},"sceneLighting":false,"audioPlay":false,"sceneViewState":{"showFog":false,"showMaterialUpdate":false,"showSkybox":false,"showFlares":false,"showImageEffects":false,"showParticleSystems":false},"in2DMode":false,"pivot":{"x":0.00022307038307189941,"y":0.8326314687728882,"z":-0.005746424198150635},"rotation":{"x":-0.03461528941988945,"y":0.9521104097366333,"z":-0.11772806942462921,"w":-0.28043636679649355},"size":2.8195815086364748,"orthographic":false}