{"cameraMode":{"drawMode":0,"name":"Shaded","section":"Shading Mode"},"sceneLighting":false,"audioPlay":false,"sceneViewState":{"showFog":false,"showMaterialUpdate":false,"showSkybox":false,"showFlares":false,"showImageEffects":false,"showParticleSystems":false},"in2DMode":false,"pivot":{"x":0.0,"y":0.9080869555473328,"z":0.028021998703479768},"rotation":{"x":-0.009979236871004105,"y":0.9842639565467835,"z":-0.059142690151929858,"w":-0.1668672114610672},"size":0.946455180644989,"orthographic":false}