{"cameraMode":{"drawMode":0,"name":"Shaded","section":"Shading Mode"},"sceneLighting":false,"audioPlay":false,"sceneViewState":{"showFog":false,"showMaterialUpdate":false,"showSkybox":false,"showFlares":false,"showImageEffects":false,"showParticleSystems":false},"in2DMode":false,"pivot":{"x":9.5367431640625e-7,"y":4.571869850158691,"z":-4.76837158203125e-7},"rotation":{"x":0.05006791278719902,"y":-0.2872686982154846,"z":-0.015728304162621499,"w":-0.9565621018409729},"size":11.2584228515625,"orthographic":false}