{"cameraMode":{"drawMode":0,"name":"Shaded","section":"Shading Mode"},"sceneLighting":false,"audioPlay":false,"sceneViewState":{"showFog":false,"showMaterialUpdate":false,"showSkybox":false,"showFlares":false,"showImageEffects":false,"showParticleSystems":false},"in2DMode":false,"pivot":{"x":0.00022745132446289063,"y":0.8413019180297852,"z":0.008687376976013184},"rotation":{"x":-0.008616677485406399,"y":0.990713357925415,"z":-0.11344679445028305,"w":-0.07588165253400803},"size":1.6277961730957032,"orthographic":false}