{"cameraMode":{"drawMode":0,"name":"Shaded","section":"Shading Mode"},"sceneLighting":false,"audioPlay":false,"sceneViewState":{"showFog":false,"showMaterialUpdate":false,"showSkybox":false,"showFlares":false,"showImageEffects":false,"showParticleSystems":false},"in2DMode":false,"pivot":{"x":0.00022274255752563477,"y":0.8403539657592773,"z":-0.0020328164100646974},"rotation":{"x":-0.011032789014279843,"y":0.9859928488731384,"z":-0.07261662930250168,"w":-0.15046937763690949},"size":1.624436616897583,"orthographic":false}