{"cameraMode":{"drawMode":0,"name":"Shaded","section":"Shading Mode"},"sceneLighting":true,"audioPlay":false,"sceneViewState":{"showFog":false,"showMaterialUpdate":false,"showSkybox":false,"showFlares":false,"showImageEffects":false,"showParticleSystems":false},"in2DMode":false,"pivot":{"x":-18.026464462280275,"y":1.9207062721252442,"z":-18.576025009155275},"rotation":{"x":0.21613340079784394,"y":-0.6384708285331726,"z":0.19311729073524476,"w":0.7132459282875061},"size":2.7120978832244875,"orthographic":false}