{"cameraMode":{"drawMode":0,"name":"Shaded","section":"Shading Mode"},"sceneLighting":false,"audioPlay":false,"sceneViewState":{"showFog":false,"showMaterialUpdate":false,"showSkybox":false,"showFlares":false,"showImageEffects":false,"showParticleSystems":false},"in2DMode":false,"pivot":{"x":-254.99977111816407,"y":0.861050009727478,"z":144.99069213867188},"rotation":{"x":-0.000353805284248665,"y":0.9396442174911499,"z":-0.3424733877182007,"w":-0.001395147293806076},"size":1.6309826374053956,"orthographic":false}