{"cameraMode":{"drawMode":0,"name":"Shaded","section":"Shading Mode"},"sceneLighting":false,"audioPlay":false,"sceneViewState":{"showFog":false,"showMaterialUpdate":false,"showSkybox":false,"showFlares":false,"showImageEffects":false,"showParticleSystems":false},"in2DMode":false,"pivot":{"x":0.006537005305290222,"y":0.04863567277789116,"z":-0.0033698678016662599},"rotation":{"x":-0.31359386444091799,"y":0.6068803668022156,"z":-0.28364500403404238,"w":-0.6732094883918762},"size":0.03485468775033951,"orthographic":false}