{"cameraMode":{"drawMode":0,"name":"Shaded","section":"Shading Mode"},"sceneLighting":false,"audioPlay":false,"sceneViewState":{"showFog":true,"showMaterialUpdate":false,"showSkybox":false,"showFlares":true,"showImageEffects":true,"showParticleSystems":true},"in2DMode":false,"pivot":{"x":-259.99957275390627,"y":2.2808315753936769,"z":85.09799194335938},"rotation":{"x":-0.04402848333120346,"y":0.9483670592308044,"z":-0.27507829666137698,"w":-0.15177638828754426},"size":3.6241579055786135,"orthographic":false}