{"cameraMode":{"drawMode":0,"name":"Shaded","section":"Shading Mode"},"sceneLighting":false,"audioPlay":false,"sceneViewState":{"showFog":true,"showMaterialUpdate":false,"showSkybox":false,"showFlares":true,"showImageEffects":true,"showParticleSystems":true},"in2DMode":false,"pivot":{"x":-229.9995574951172,"y":2.822000026702881,"z":154.9920196533203},"rotation":{"x":-0.06267042458057404,"y":0.9332240223884583,"z":-0.20067457854747773,"w":-0.29143813252449038},"size":4.024649620056152,"orthographic":false}