{"cameraMode":{"drawMode":0,"name":"Shaded","section":"Shading Mode"},"sceneLighting":false,"audioPlay":false,"sceneViewState":{"showFog":true,"showMaterialUpdate":false,"showSkybox":false,"showFlares":true,"showImageEffects":true,"showParticleSystems":true},"in2DMode":false,"pivot":{"x":0.08300000429153443,"y":-0.621894359588623,"z":0.26588815450668337},"rotation":{"x":-0.014261224307119847,"y":0.9788354635238648,"z":-0.1905951350927353,"w":-0.07325474917888642},"size":0.42058059573173525,"orthographic":false}