{"cameraMode":{"drawMode":0,"name":"Shaded","section":"Shading Mode"},"sceneLighting":false,"audioPlay":false,"sceneViewState":{"showFog":true,"showMaterialUpdate":false,"showSkybox":false,"showFlares":true,"showImageEffects":true,"showParticleSystems":true},"in2DMode":false,"pivot":{"x":-22.438621520996095,"y":2.272918939590454,"z":-60.001434326171878},"rotation":{"x":-0.22894293069839478,"y":0.16178466379642487,"z":-0.03860882669687271,"w":-0.9591474533081055},"size":3.6397178173065187,"orthographic":false}