{"cameraMode":{"drawMode":0,"name":"Shaded","section":"Shading Mode"},"sceneLighting":false,"audioPlay":false,"sceneViewState":{"showFog":true,"showMaterialUpdate":false,"showSkybox":false,"showFlares":true,"showImageEffects":true,"showParticleSystems":true},"in2DMode":false,"pivot":{"x":-15.567011833190918,"y":2.101224660873413,"z":-18.99103355407715},"rotation":{"x":0.043606217950582507,"y":0.9048454761505127,"z":-0.41258475184440615,"w":0.09563527256250382},"size":0.49802201986312868,"orthographic":false}