{"cameraMode":{"drawMode":0,"name":"Shaded","section":"Shading Mode"},"sceneLighting":false,"audioPlay":false,"sceneViewState":{"showFog":true,"showMaterialUpdate":false,"showSkybox":false,"showFlares":true,"showImageEffects":true,"showParticleSystems":true},"in2DMode":false,"pivot":{"x":-264.99957275390627,"y":1.9000000953674317,"z":74.89207458496094},"rotation":{"x":-0.33121296763420107,"y":0.6298851370811462,"z":-0.3390677273273468,"w":-0.6153179407119751},"size":3.904383420944214,"orthographic":false}