{"cameraMode":{"drawMode":0,"name":"Shaded","section":"Shading Mode"},"sceneLighting":false,"audioPlay":false,"sceneViewState":{"showFog":true,"showMaterialUpdate":false,"showSkybox":false,"showFlares":true,"showImageEffects":true,"showParticleSystems":true},"in2DMode":false,"pivot":{"x":-16.49799919128418,"y":2.1713061332702638,"z":-19.749000549316408},"rotation":{"x":-0.20425458252429963,"y":0.6795405149459839,"z":-0.2059771716594696,"w":-0.6738579869270325},"size":0.415235310792923,"orthographic":false}