{"cameraMode":{"drawMode":0,"name":"Shaded","section":"Shading Mode"},"sceneLighting":false,"audioPlay":false,"sceneViewState":{"showFog":true,"showMaterialUpdate":false,"showSkybox":false,"showFlares":true,"showImageEffects":true,"showParticleSystems":true},"in2DMode":false,"pivot":{"x":-37.483768463134769,"y":2.280825138092041,"z":7.896225929260254},"rotation":{"x":-0.04402848333120346,"y":0.9483670592308044,"z":-0.27507829666137698,"w":-0.15177638828754426},"size":3.6241695880889894,"orthographic":false}