{"cameraMode":{"drawMode":0,"name":"Shaded","section":"Shading Mode"},"sceneLighting":false,"audioPlay":false,"sceneViewState":{"showFog":true,"showMaterialUpdate":false,"showSkybox":false,"showFlares":true,"showImageEffects":true,"showParticleSystems":true},"in2DMode":false,"pivot":{"x":-16.406410217285158,"y":2.058000087738037,"z":-18.78580665588379},"rotation":{"x":-0.2602173089981079,"y":0.6531225442886353,"z":-0.25618937611579897,"w":-0.6633935570716858},"size":0.18376627564430238,"orthographic":false}