{"cameraMode":{"drawMode":0,"name":"Shaded","section":"Shading Mode"},"sceneLighting":false,"audioPlay":false,"sceneViewState":{"showFog":true,"showMaterialUpdate":false,"showSkybox":false,"showFlares":true,"showImageEffects":true,"showParticleSystems":true},"in2DMode":false,"pivot":{"x":-22.439573287963868,"y":1.9000000953674317,"z":-40.85840606689453},"rotation":{"x":-0.33121296763420107,"y":0.6298851370811462,"z":-0.3390677273273468,"w":-0.6153179407119751},"size":3.9030697345733644,"orthographic":false}